{
  "project_info": {
    "project_number": "894736360730",
    "project_id": "emami-frankross"
  },
  "client": [
    {
      "client_info": {
        "mobilesdk_app_id": "1:894736360730:android:492110bcf1619dcd",
        "android_client_info": {
          "package_name": "com.emamifrankross.frankross"
        }
      },
      "oauth_client": [
        {
          "client_id": "894736360730-iti9id1o0lnnej32l8flnhstasv04pnr.apps.googleusercontent.com",
          "client_type": 1,
          "android_info": {
            "package_name": "com.emamifrankross.frankross",
            "certificate_hash": "30276DC92EB38DB19981384F50202C6E12ADF3CD"
          }
        },
        {
          "client_id": "894736360730-j1larjg7jagab1qklffaca2mag3g6583.apps.googleusercontent.com",
          "client_type": 3
        }
      ],
      "api_key": [
        {
          "current_key": "AIzaSyAzEfwPkuFwMXUxUycQS6R4UgT3lKg98EA"
        }
      ],
      "services": {
        "analytics_service": {
          "status": 1
        },
        "appinvite_service": {
          "status": 1,
          "other_platform_oauth_client": []
        },
        "ads_service": {
          "status": 1
        }
      }
    }
  ],
  "configuration_version": "1"
}